display_name,stub,dropdown_parent
Home,/index.html,
Browse,/browse.html,
Subjects,/subjects.html,johnmiltonpage
Individual Subjects,,
Timeline,/timeline.html,
Data,/data.html,
About,/about.html,
Leigh Hunt,/about-leighhunt.html,Individual Subjects
John Milton,/about-johnmilton.html,Individual Subjects
Napoleon,/about-napoleon.html,Individual Subjects
John Keats,/about-keats.html,Individual Subjects
William Wordsworth,/about-wordsworth.html,Individual Subjects
Percy Bysshe Shelley,/about-pbshelley.html,Individual Subjects
Works Cited,/about-workscited.html,
The Brownings,/about-thebrownings.html,Individual Subjects