objectid,title,creator,date,description,subject,location,latitude,longitude,source,identifier,type,format,language,rights,rightsstatement,display_template,object_location,image_small,image_thumb,image_alt_text,object_transcript
homepageimage,Leigh Hunt Hair Book Title Page,J.H. Leigh Hunt,1784-1859,An image of the cover page of the Leigh Hunt Hair Book and Charles Lamb,leigh hunt;romanticism;hair;charles lamb,Austin Texas,,,HRC The University of Texas at Austin,STARK_6693_STK,StillImage,image-jpeg,eng,"The organization that has made the Item available believes that the Item is in the Public Domain under the laws of the United States, but a determination was not made as to its copyright status under the copyright laws of other countries. The Item may not be in the Public Domain under the laws of other countries. Please refer to the organization that has made the Item available for more information.",https://rightsstatements.org/page/NoC-US/1.0/?language=en,image,https://hrc.contentdm.oclc.org/customizations/collection/p15878coll14/images/landingpage/LandingPage_Hair.jpg,,,,
johnmiltonpage,The portrait and hair of John Milton,J.H. Leigh Hunt,1784-1859,An image of John Milton accompanied by his lock of hair and a dedicated poem.,john milton;hair;poet,Austin Texas,,,HRC The University of Texas at Austin,STARK_6693_STK,StillImage,image-jpeg,eng,"The organization that has made the Item available believes that the Item is in the Public Domain under the laws of the United States, but a determination was not made as to its copyright status under the copyright laws of other countries. The Item may not be in the Public Domain under the laws of other countries. Please refer to the organization that has made the Item available for more information.",https://rightsstatements.org/page/NoC-US/1.0/?language=en,image,https://hrc.contentdm.oclc.org/digital/iiif/p15878coll14/195/full/full/0/default.jpg,,"https://hrc.contentdm.oclc.org/digital/iiif/p15878coll14/195/full/132,100/0/default.jpg",,
coverpage,The front cover of the Leigh Hunt Hair Book,J.H. Leigh Hunt,1784-1859,An image of the front cover of the Leigh Hunt Hair Book.,leigh hunt;romanticism;hair;cover page,Austin Texas,,,HRC The University of Texas at Austin,STARK_6693_STK,StillImage,image-jpeg,eng,"The organization that has made the Item available believes that the Item is in the Public Domain under the laws of the United States, but a determination was not made as to its copyright status under the copyright laws of other countries. The Item may not be in the Public Domain under the laws of other countries. Please refer to the organization that has made the Item available for more information.",https://rightsstatements.org/page/NoC-US/1.0/?language=en,image,https://hrc.contentdm.oclc.org/digital/iiif/p15878coll14/186/full/full/0/default.jpg,,"https://hrc.contentdm.oclc.org/digital/iiif/p15878coll14/186/full/129,100/0/default.jpg",,
titlepage,The title page of the Leigh Hunt Hair Book,J.H. Leigh Hunt,1784-1859,An image of the title page of the Leigh Hunt Hair Book.,leigh hunt;romanticism;hair;title page,Austin Texas,,,HRC The University of Texas at Austin,STARK_6693_STK,StillImage,image-jpeg,eng,"The organization that has made the Item available believes that the Item is in the Public Domain under the laws of the United States, but a determination was not made as to its copyright status under the copyright laws of other countries. The Item may not be in the Public Domain under the laws of other countries. Please refer to the organization that has made the Item available for more information.",https://rightsstatements.org/page/NoC-US/1.0/?language=en,image,https://hrc.contentdm.oclc.org/digital/iiif/p15878coll14/187/full/full/0/default.jpg,,"https://hrc.contentdm.oclc.org/digital/iiif/p15878coll14/187/full/136,100/0/default.jpg",,
titlepageverso,The verso page of the Leigh Hunt Hair Book,J.H. Leigh Hunt,1784-1859,An image of the verso page of the Leigh Hunt Hair Book.,leigh hunt;romanticism;hair;verso page,Austin Texas,,,HRC The University of Texas at Austin,STARK_6693_STK,StillImage,image-jpeg,eng,"The organization that has made the Item available believes that the Item is in the Public Domain under the laws of the United States, but a determination was not made as to its copyright status under the copyright laws of other countries. The Item may not be in the Public Domain under the laws of other countries. Please refer to the organization that has made the Item available for more information.",https://rightsstatements.org/page/NoC-US/1.0/?language=en,image,https://hrc.contentdm.oclc.org/digital/iiif/p15878coll14/188/full/full/0/default.jpg,,"https://hrc.contentdm.oclc.org/digital/iiif/p15878coll14/188/full/130,100/0/default.jpg",,
listofportraits,The list of portraits of featured subjects in the Leigh Hunt Hair Book,J.H. Leigh Hunt,1784-1859,An image of the list of portraits page of the Leigh Hunt Hair Book.,leigh hunt;list of portraits;john hoole;robert batty;john milton;jonathan swift;samuel johnson;george washington;richard henry lee;maria edgeworth;napoleon;william wordsworth;samuel taylor coleridge;charles lamb;william hazlitt;bryan waller procter;southwood smith;percy bysshe shelley;thomas carlyle;john keats;mary w. shelley;g.p.r. james;richard hengist horne;elizabeth barrett browning;robert browning,Austin Texas,,,HRC The University of Texas at Austin,STARK_6693_STK,StillImage,image-jpeg,eng,"The organization that has made the Item available believes that the Item is in the Public Domain under the laws of the United States, but a determination was not made as to its copyright status under the copyright laws of other countries. The Item may not be in the Public Domain under the laws of other countries. Please refer to the organization that has made the Item available for more information.",https://rightsstatements.org/page/NoC-US/1.0/?language=en,image,https://hrc.contentdm.oclc.org/digital/iiif/p15878coll14/189/full/full/0/default.jpg,,"https://hrc.contentdm.oclc.org/digital/iiif/p15878coll14/189/full/145,100/0/default.jpg",,
blankpage,A blank page of the Leigh Hunt Hair Book,J.H. Leigh Hunt,1784-1859,An image of a blank page in the Leigh Hunt Hair Book.,leigh hunt;romanticism;hair;blank page,Austin Texas,,,HRC The University of Texas at Austin,STARK_6693_STK,StillImage,image-jpeg,eng,"The organization that has made the Item available believes that the Item is in the Public Domain under the laws of the United States, but a determination was not made as to its copyright status under the copyright laws of other countries. The Item may not be in the Public Domain under the laws of other countries. Please refer to the organization that has made the Item available for more information.",https://rightsstatements.org/page/NoC-US/1.0/?language=en,image,https://hrc.contentdm.oclc.org/digital/iiif/p15878coll14/190/full/full/0/default.jpg,,"https://hrc.contentdm.oclc.org/digital/iiif/p15878coll14/190/full/132,100/0/default.jpg",,
loosematerial1,A list of the locks of hair in the possession of Leigh Hunt as marked in his own handwriting,J.H. Leigh Hunt,1784-1859,Loose material listing the locks of hair in the possession of Leigh Hunt as marked in his own handwriting.,leigh hunt;romanticism;loose material;john milton;jonathan swift;samuel johnson;napoleon;percy bysshe shelley;john keats;mary w. shelley;samuel taylor coleridge;charles lamb;william hazlitt;william wordsworth,Austin Texas,,,HRC The University of Texas at Austin,STARK_6693_STK,StillImage,image-jpeg,eng,"The organization that has made the Item available believes that the Item is in the Public Domain under the laws of the United States, but a determination was not made as to its copyright status under the copyright laws of other countries. The Item may not be in the Public Domain under the laws of other countries. Please refer to the organization that has made the Item available for more information.",https://rightsstatements.org/page/NoC-US/1.0/?language=en,image,https://hrc.contentdm.oclc.org/digital/iiif/p15878coll14/191/full/full/0/default.jpg,,"https://hrc.contentdm.oclc.org/digital/iiif/p15878coll14/191/full/133,100/0/default.jpg",,
loosematerial2,A list of the locks of hair in the possession of Leigh Hunt as marked in his own handwriting page 2,J.H. Leigh Hunt,1784-1859,Loose material listing the locks of hair in the possession of Leigh Hunt as marked in his own handwriting.,leigh hunt;romanticism;loose material;robert browning;ellizabeth barrett browning;bryan waller procter;maria edgeworth;southwood smith;richard henry horne;g.p.r. james;thomas carlyle;george washington;richard henry lee,Austin Texas,,,HRC The University of Texas at Austin,STARK_6693_STK,StillImage,image-jpeg,eng,"The organization that has made the Item available believes that the Item is in the Public Domain under the laws of the United States, but a determination was not made as to its copyright status under the copyright laws of other countries. The Item may not be in the Public Domain under the laws of other countries. Please refer to the organization that has made the Item available for more information.",https://rightsstatements.org/page/NoC-US/1.0/?language=en,image,https://hrc.contentdm.oclc.org/digital/iiif/p15878coll14/192/full/full/0/default.jpg,,"https://hrc.contentdm.oclc.org/digital/iiif/p15878coll14/192/full/132,100/0/default.jpg",,
robertbattypage,The image of Robert Batty M.D.,J.H. Leigh Hunt,1784-1859,A hand drawn image of Robert Batty M.D.,robert batty;artist,Austin Texas,,,HRC The University of Texas at Austin,STARK_6693_STK,StillImage,image-jpeg,eng,"The organization that has made the Item available believes that the Item is in the Public Domain under the laws of the United States, but a determination was not made as to its copyright status under the copyright laws of other countries. The Item may not be in the Public Domain under the laws of other countries. Please refer to the organization that has made the Item available for more information.",https://rightsstatements.org/page/NoC-US/1.0/?language=en,image,hrc.contentdm.oclc.org/digital/iiif/p15878coll14/193/full/full/0/default.jpg,,"https://hrc.contentdm.oclc.org/digital/iiif/p15878coll14/193/full/142,100/0/default.jpg",,
blankpage2,A blank page of the Leigh Hunt Hair Book,J.H. Leigh Hunt,1784-1859,An image of a blank page in the Leigh Hunt Hair Book.,leigh hunt;romanticism;hair;blank page,Austin Texas,,,HRC The University of Texas at Austin,STARK_6693_STK,StillImage,image-jpeg,eng,"The organization that has made the Item available believes that the Item is in the Public Domain under the laws of the United States, but a determination was not made as to its copyright status under the copyright laws of other countries. The Item may not be in the Public Domain under the laws of other countries. Please refer to the organization that has made the Item available for more information.",https://rightsstatements.org/page/NoC-US/1.0/?language=en,image,https://hrc.contentdm.oclc.org/digital/iiif/p15878coll14/194/full/full/0/default.jpg,,"https://hrc.contentdm.oclc.org/digital/iiif/p15878coll14/194/full/132,100/0/default.jpg",,
johnmiltonback,The back page of the portrait and hair of John Milton,J.H. Leigh Hunt,1784-1859,The back page of the John Milton page in the Hair Book.,john milton;hair;poetry,Austin Texas,,,HRC The University of Texas at Austin,STARK_6693_STK,StillImage,image-jpeg,eng,"The organization that has made the Item available believes that the Item is in the Public Domain under the laws of the United States, but a determination was not made as to its copyright status under the copyright laws of other countries. The Item may not be in the Public Domain under the laws of other countries. Please refer to the organization that has made the Item available for more information.",https://rightsstatements.org/page/NoC-US/1.0/?language=en,image,https://hrc.contentdm.oclc.org/digital/iiif/p15878coll14/196/full/full/0/default.jpg,,"https://hrc.contentdm.oclc.org/digital/iiif/p15878coll14/196/full/131,100/0/default.jpg",,
johnmiltonpage2,An alternate page of the portrait of John Milton,J.H. Leigh Hunt,1784-1859,An image of John Milton and poem dedicated by Leigh Hunt.,john milton;poet,Austin Texas,,,HRC The University of Texas at Austin,STARK_6693_STK,StillImage,image-jpeg,eng,"The organization that has made the Item available believes that the Item is in the Public Domain under the laws of the United States, but a determination was not made as to its copyright status under the copyright laws of other countries. The Item may not be in the Public Domain under the laws of other countries. Please refer to the organization that has made the Item available for more information.",https://rightsstatements.org/page/NoC-US/1.0/?language=en,image,https://hrc.contentdm.oclc.org/digital/iiif/p15878coll14/197/full/full/0/default.jpg,,"https://hrc.contentdm.oclc.org/digital/iiif/p15878coll14/197/full/133,100/0/default.jpg",,
blankpage3,A blank page of the Leigh Hunt Hair Book,J.H. Leigh Hunt,1784-1859,An image of a blank page in the Leigh Hunt Hair Book.,leigh hunt;romanticism;hair;blank page,Austin Texas,,,HRC The University of Texas at Austin,STARK_6693_STK,StillImage,image-jpeg,eng,"The organization that has made the Item available believes that the Item is in the Public Domain under the laws of the United States, but a determination was not made as to its copyright status under the copyright laws of other countries. The Item may not be in the Public Domain under the laws of other countries. Please refer to the organization that has made the Item available for more information.",https://rightsstatements.org/page/NoC-US/1.0/?language=en,image,https://hrc.contentdm.oclc.org/digital/iiif/p15878coll14/198/full/full/0/default.jpg,,"https://hrc.contentdm.oclc.org/digital/iiif/p15878coll14/198/full/133,100/0/default.jpg",,
jonathanswiftpage,The portrait and hair of Jonathan Swift,J.H. Leigh Hunt,1784-1859,An image of Jonathan Swift accompanied by his locks of hair and a dedicated writings.,jonathan swift;hair;poet;satirist;essayist,Austin Texas,,,HRC The University of Texas at Austin,STARK_6693_STK,StillImage,image-jpeg,eng,"The organization that has made the Item available believes that the Item is in the Public Domain under the laws of the United States, but a determination was not made as to its copyright status under the copyright laws of other countries. The Item may not be in the Public Domain under the laws of other countries. Please refer to the organization that has made the Item available for more information.",https://rightsstatements.org/page/NoC-US/1.0/?language=en,image,https://hrc.contentdm.oclc.org/digital/iiif/p15878coll14/199/full/full/0/default.jpg,,"https://hrc.contentdm.oclc.org/digital/iiif/p15878coll14/199/full/133,100/0/default.jpg",,
jonathanswiftback,The back side of the page featuring Jonathan Swift,J.H. Leigh Hunt,1784-1859,The backside of the Jonathan Swift page.,jonathan swift,Austin Texas,,,HRC The University of Texas at Austin,STARK_6693_STK,StillImage,image-jpeg,eng,"The organization that has made the Item available believes that the Item is in the Public Domain under the laws of the United States, but a determination was not made as to its copyright status under the copyright laws of other countries. The Item may not be in the Public Domain under the laws of other countries. Please refer to the organization that has made the Item available for more information.",https://rightsstatements.org/page/NoC-US/1.0/?language=en,image,https://hrc.contentdm.oclc.org/digital/iiif/p15878coll14/200/full/full/0/default.jpg,,"https://hrc.contentdm.oclc.org/digital/iiif/p15878coll14/200/full/133,100/0/default.jpg",,
jonathanswiftpage2,An alternate page featuring the portrait of Jonathan Swift,J.H. Leigh Hunt,1784-1859,An image of an alternative view of the Jonathan Swift page.,jonathan swift;poet;satirist;essayist,Austin Texas,,,HRC The University of Texas at Austin,STARK_6693_STK,StillImage,image-jpeg,eng,"The organization that has made the Item available believes that the Item is in the Public Domain under the laws of the United States, but a determination was not made as to its copyright status under the copyright laws of other countries. The Item may not be in the Public Domain under the laws of other countries. Please refer to the organization that has made the Item available for more information.",https://rightsstatements.org/page/NoC-US/1.0/?language=en,image,https://hrc.contentdm.oclc.org/digital/iiif/p15878coll14/201/full/full/0/default.jpg,,"https://hrc.contentdm.oclc.org/digital/iiif/p15878coll14/201/full/133,100/0/default.jpg",,
blankpage4,A blank page of the Leigh Hunt Hair Book,J.H. Leigh Hunt,1784-1859,An image of a blank page in the Leigh Hunt Hair Book,leigh hunt;romanticism;hair;blank page,Austin Texas,,,HRC The University of Texas at Austin,STARK_6693_STK,StillImage,image-jpeg,eng,"The organization that has made the Item available believes that the Item is in the Public Domain under the laws of the United States, but a determination was not made as to its copyright status under the copyright laws of other countries. The Item may not be in the Public Domain under the laws of other countries. Please refer to the organization that has made the Item available for more information.",https://rightsstatements.org/page/NoC-US/1.0/?language=en,image,https://hrc.contentdm.oclc.org/digital/iiif/p15878coll14/202/full/full/0/default.jpg,,"https://hrc.contentdm.oclc.org/digital/iiif/p15878coll14/202/full/132,100/0/default.jpg",,
samueljohnsonpage,The protrait and hair of Samuel Johnson,J.H. Leigh Hunt,1784,An image of the portrait and hair of Samuel Johnson accompanied by a note detailing Hunt's receival of the lock.,samuel johnson;poet;hair,Austin Texas,,,HRC The University of Texas at Austin,STARK_6693_STK,StillImage,image-jpeg,eng,"The organization that has made the Item available believes that the Item is in the Public Domain under the laws of the United States, but a determination was not made as to its copyright status under the copyright laws of other countries. The Item may not be in the Public Domain under the laws of other countries. Please refer to the organization that has made the Item available for more information.",https://rightsstatements.org/page/NoC-US/1.0/?language=en,image,https://hrc.contentdm.oclc.org/digital/iiif/p15878coll14/203/full/full/0/default.jpg,,"https://hrc.contentdm.oclc.org/digital/iiif/p15878coll14/203/full/133,100/0/default.jpg",,
samueljohnsonback,The backside of the page featuring Samuel Johnson,J.H. Leigh Hunt,1784,The backside of the Samuel Johnson page.,samuel johnson,Austin Texas,,,HRC The University of Texas at Austin,STARK_6693_STK,StillImage,image-jpeg,eng,"The organization that has made the Item available believes that the Item is in the Public Domain under the laws of the United States, but a determination was not made as to its copyright status under the copyright laws of other countries. The Item may not be in the Public Domain under the laws of other countries. Please refer to the organization that has made the Item available for more information.",https://rightsstatements.org/page/NoC-US/1.0/?language=en,image,https://hrc.contentdm.oclc.org/digital/iiif/p15878coll14/204/full/full/0/default.jpg,,"https://hrc.contentdm.oclc.org/digital/iiif/p15878coll14/204/full/133,100/0/default.jpg",,
samueljohnsonpage2,An alternate page featuring the portrait of Samuel Johnson,J.H. Leigh Hunt,1784,An image of an alternative view of the Samuel Johnson page.,samuel johnson;poet,Austin Texas,,,HRC The University of Texas at Austin,STARK_6693_STK,StillImage,image-jpeg,eng,"The organization that has made the Item available believes that the Item is in the Public Domain under the laws of the United States, but a determination was not made as to its copyright status under the copyright laws of other countries. The Item may not be in the Public Domain under the laws of other countries. Please refer to the organization that has made the Item available for more information.",https://rightsstatements.org/page/NoC-US/1.0/?language=en,image,https://hrc.contentdm.oclc.org/digital/iiif/p15878coll14/205/full/full/0/default.jpg,,"https://hrc.contentdm.oclc.org/digital/iiif/p15878coll14/205/full/134,100/0/default.jpg",,
blankpage5,A blank page of the Leigh Hunt Hair Book,J.H. Leigh Hunt,1784-1859,An image of a blank page in the Leigh Hunt Hair Book,leigh hunt;romanticism;hair;blank page,Austin Texas,,,HRC The University of Texas at Austin,STARK_6693_STK,StillImage,image-jpeg,eng,"The organization that has made the Item available believes that the Item is in the Public Domain under the laws of the United States, but a determination was not made as to its copyright status under the copyright laws of other countries. The Item may not be in the Public Domain under the laws of other countries. Please refer to the organization that has made the Item available for more information.",https://rightsstatements.org/page/NoC-US/1.0/?language=en,image,https://hrc.contentdm.oclc.org/digital/iiif/p15878coll14/206/full/full/0/default.jpg,,"https://hrc.contentdm.oclc.org/digital/iiif/p15878coll14/206/full/132,100/0/default.jpg",,
georgewashingtonandrichardhenryleepage,The portraits and hair of George Washington and Richard Henry Lee,J.H. Leigh Hunt,1784-1859,An image of the page featuring the portraits and hair of George Washington and Richard Henry Lee,george washington;richardhenrylee;americans;hair,Austin Texas,,,HRC The University of Texas at Austin,STARK_6693_STK,StillImage,image-jpeg,eng,"The organization that has made the Item available believes that the Item is in the Public Domain under the laws of the United States, but a determination was not made as to its copyright status under the copyright laws of other countries. The Item may not be in the Public Domain under the laws of other countries. Please refer to the organization that has made the Item available for more information.",https://rightsstatements.org/page/NoC-US/1.0/?language=en,image,https://hrc.contentdm.oclc.org/digital/iiif/p15878coll14/207/full/full/0/default.jpg,,"https://hrc.contentdm.oclc.org/digital/iiif/p15878coll14/207/full/133,100/0/default.jpg",,
georgewashingtonandrichardhenryleeback,The backside of the page featuring George Washington and Richard Henry Lee,J.H. Leigh Hunt,1784-1859,The backside of the page featuring George Washington and Richard Henry Lee,george washington;richardhenrylee;americans,Austin Texas,,,HRC The University of Texas at Austin,STARK_6693_STK,StillImage,image-jpeg,eng,"The organization that has made the Item available believes that the Item is in the Public Domain under the laws of the United States, but a determination was not made as to its copyright status under the copyright laws of other countries. The Item may not be in the Public Domain under the laws of other countries. Please refer to the organization that has made the Item available for more information.",https://rightsstatements.org/page/NoC-US/1.0/?language=en,image,https://hrc.contentdm.oclc.org/digital/iiif/p15878coll14/208/full/full/0/default.jpg,,"https://hrc.contentdm.oclc.org/digital/iiif/p15878coll14/208/full/132,100/0/default.jpg",,
georgewashingtonandrichardhenryleepage2,The portraits of George Washington and Richard Henry Lee,J.H. Leigh Hunt,1784-1859,An image of the page featuring the portraits of George Washington and Richard Henry Lee,george washington;richardhenrylee;americans,Austin Texas,,,HRC The University of Texas at Austin,STARK_6693_STK,StillImage,image-jpeg,eng,"The organization that has made the Item available believes that the Item is in the Public Domain under the laws of the United States, but a determination was not made as to its copyright status under the copyright laws of other countries. The Item may not be in the Public Domain under the laws of other countries. Please refer to the organization that has made the Item available for more information.",https://rightsstatements.org/page/NoC-US/1.0/?language=en,image,https://hrc.contentdm.oclc.org/digital/iiif/p15878coll14/209/full/full/0/default.jpg,,"https://hrc.contentdm.oclc.org/digital/iiif/p15878coll14/209/full/133,100/0/default.jpg",,
blankpage6,A blank page of the Leigh Hunt Hair Book,J.H. Leigh Hunt,1784-1859,An image of a blank page in the Leigh Hunt Hair Book,leigh hunt;romanticism;hair;blank page,Austin Texas,,,HRC The University of Texas at Austin,STARK_6693_STK,StillImage,image-jpeg,eng,"The organization that has made the Item available believes that the Item is in the Public Domain under the laws of the United States, but a determination was not made as to its copyright status under the copyright laws of other countries. The Item may not be in the Public Domain under the laws of other countries. Please refer to the organization that has made the Item available for more information.",https://rightsstatements.org/page/NoC-US/1.0/?language=en,image,https://hrc.contentdm.oclc.org/digital/iiif/p15878coll14/210/full/full/0/default.jpg,,"https://hrc.contentdm.oclc.org/digital/iiif/p15878coll14/210/full/132,100/0/default.jpg",,
mariaedgeworthpage,The portrait and hair of Maria Edgeworth,J.H. Leigh Hunt,1845,An image of the page featuring the portrait and hair of Maria Edgeworth,maria edgeworth;hair;novelist,Austin Texas,,,HRC The University of Texas at Austin,STARK_6693_STK,StillImage,image-jpeg,eng,"The organization that has made the Item available believes that the Item is in the Public Domain under the laws of the United States, but a determination was not made as to its copyright status under the copyright laws of other countries. The Item may not be in the Public Domain under the laws of other countries. Please refer to the organization that has made the Item available for more information.",https://rightsstatements.org/page/NoC-US/1.0/?language=en,image,https://hrc.contentdm.oclc.org/digital/iiif/p15878coll14/211/full/full/0/default.jpg,,"https://hrc.contentdm.oclc.org/digital/iiif/p15878coll14/211/full/133,100/0/default.jpg",,
mariaedgeworthback,The backside of the page featuring Maria Edgeworth,J.H. Leigh Hunt,1845,An image of the backside of the page featuring Maria Edgeworth,maria edgeworth,Austin Texas,,,HRC The University of Texas at Austin,STARK_6693_STK,StillImage,image-jpeg,eng,"The organization that has made the Item available believes that the Item is in the Public Domain under the laws of the United States, but a determination was not made as to its copyright status under the copyright laws of other countries. The Item may not be in the Public Domain under the laws of other countries. Please refer to the organization that has made the Item available for more information.",https://rightsstatements.org/page/NoC-US/1.0/?language=en,image,https://hrc.contentdm.oclc.org/digital/iiif/p15878coll14/212/full/full/0/default.jpg,,"https://hrc.contentdm.oclc.org/digital/iiif/p15878coll14/212/full/130,100/0/default.jpg",,
mariaedgeworthpage2,An alternative page featuring the portrait of Maria Edgeworth,J.H. Leigh Hunt,1845,An alternative page featuring the portrait of Maria Edgeworth,maria edgeworth;hair;novelist,Austin Texas,,,HRC The University of Texas at Austin,STARK_6693_STK,StillImage,image-jpeg,eng,"The organization that has made the Item available believes that the Item is in the Public Domain under the laws of the United States, but a determination was not made as to its copyright status under the copyright laws of other countries. The Item may not be in the Public Domain under the laws of other countries. Please refer to the organization that has made the Item available for more information.",https://rightsstatements.org/page/NoC-US/1.0/?language=en,image,https://hrc.contentdm.oclc.org/digital/iiif/p15878coll14/213/full/full/0/default.jpg,,"https://hrc.contentdm.oclc.org/digital/iiif/p15878coll14/213/full/133,100/0/default.jpg",,
blankpage7,A blank page of the Leigh Hunt Hair Book,J.H. Leigh Hunt,1784-1859,An image of a blank page in the Leigh Hunt Hair Book,leigh hunt;romanticism;hair;blank page,Austin Texas,,,HRC The University of Texas at Austin,STARK_6693_STK,StillImage,image-jpeg,eng,"The organization that has made the Item available believes that the Item is in the Public Domain under the laws of the United States, but a determination was not made as to its copyright status under the copyright laws of other countries. The Item may not be in the Public Domain under the laws of other countries. Please refer to the organization that has made the Item available for more information.",https://rightsstatements.org/page/NoC-US/1.0/?language=en,image,https://hrc.contentdm.oclc.org/digital/iiif/p15878coll14/214/full/full/0/default.jpg,,"https://hrc.contentdm.oclc.org/digital/iiif/p15878coll14/214/full/133,100/0/default.jpg",,
napoleonpage,The portrait of Napoleon and accompanying writing,J.H. Leigh Hunt,1784-1859,An image of the page featuring Napoleon and writing outlining Hunt's reception of the hair,napoleon;french,Austin Texas,,,HRC The University of Texas at Austin,STARK_6693_STK,StillImage,image-jpeg,eng,"The organization that has made the Item available believes that the Item is in the Public Domain under the laws of the United States, but a determination was not made as to its copyright status under the copyright laws of other countries. The Item may not be in the Public Domain under the laws of other countries. Please refer to the organization that has made the Item available for more information.",https://rightsstatements.org/page/NoC-US/1.0/?language=en,image,https://hrc.contentdm.oclc.org/digital/iiif/p15878coll14/215/full/full/0/default.jpg,,"https://hrc.contentdm.oclc.org/digital/iiif/p15878coll14/215/full/132,100/0/default.jpg",,
napoleonback,The backside of the page featuring Napoleon,J.H. Leigh Hunt,1784-1859,An image of the backside of the page featuring Napoleon,napoleon;french,Austin Texas,,,HRC The University of Texas at Austin,STARK_6693_STK,StillImage,image-jpeg,eng,"The organization that has made the Item available believes that the Item is in the Public Domain under the laws of the United States, but a determination was not made as to its copyright status under the copyright laws of other countries. The Item may not be in the Public Domain under the laws of other countries. Please refer to the organization that has made the Item available for more information.",https://rightsstatements.org/page/NoC-US/1.0/?language=en,image,https://hrc.contentdm.oclc.org/digital/iiif/p15878coll14/216/full/full/0/default.jpg,,"https://hrc.contentdm.oclc.org/digital/iiif/p15878coll14/216/full/132,100/0/default.jpg",,
napoleonpage2,The portrait of Napoleon,J.H. Leigh Hunt,1784-1859,An image of the page featuring Napoleon,napoleon;french,Austin Texas,,,HRC The University of Texas at Austin,STARK_6693_STK,StillImage,image-jpeg,eng,"The organization that has made the Item available believes that the Item is in the Public Domain under the laws of the United States, but a determination was not made as to its copyright status under the copyright laws of other countries. The Item may not be in the Public Domain under the laws of other countries. Please refer to the organization that has made the Item available for more information.",https://rightsstatements.org/page/NoC-US/1.0/?language=en,image,https://hrc.contentdm.oclc.org/digital/iiif/p15878coll14/217/full/full/0/default.jpg,,"https://hrc.contentdm.oclc.org/digital/iiif/p15878coll14/217/full/132,100/0/default.jpg",,
blankpage8,A blank page of the Leigh Hunt Hair Book,J.H. Leigh Hunt,1784-1859,An image of a blank page in the Leigh Hunt Hair Book,leigh hunt;romanticism;hair;blank page,Austin Texas,,,HRC The University of Texas at Austin,STARK_6693_STK,StillImage,image-jpeg,eng,"The organization that has made the Item available believes that the Item is in the Public Domain under the laws of the United States, but a determination was not made as to its copyright status under the copyright laws of other countries. The Item may not be in the Public Domain under the laws of other countries. Please refer to the organization that has made the Item available for more information.",https://rightsstatements.org/page/NoC-US/1.0/?language=en,image,https://hrc.contentdm.oclc.org/digital/iiif/p15878coll14/218/full/full/0/default.jpg,,"https://hrc.contentdm.oclc.org/digital/iiif/p15878coll14/218/full/131,100/0/default.jpg",,
williamwordsworthpage,The portrait and hair of William Wordsworth,J.H. Leigh Hunt,1845,An image of the page featuring the portrait and hair of William Wordsworth,william wordsworth;hair;poet,Austin Texas,,,HRC The University of Texas at Austin,STARK_6693_STK,StillImage,image-jpeg,eng,"The organization that has made the Item available believes that the Item is in the Public Domain under the laws of the United States, but a determination was not made as to its copyright status under the copyright laws of other countries. The Item may not be in the Public Domain under the laws of other countries. Please refer to the organization that has made the Item available for more information.",https://rightsstatements.org/page/NoC-US/1.0/?language=en,image,https://hrc.contentdm.oclc.org/digital/iiif/p15878coll14/218/full/full/0/default.jpg,,"https://hrc.contentdm.oclc.org/digital/iiif/p15878coll14/219/full/133,100/0/default.jpg",,
williamwordsworthback,The backside of the page featuring William Wordsworth,J.H. Leigh Hunt,1845,An image of the backside of the page featuring William Wordsworth,william wordsworth;poet,Austin Texas,,,HRC The University of Texas at Austin,STARK_6693_STK,StillImage,image-jpeg,eng,"The organization that has made the Item available believes that the Item is in the Public Domain under the laws of the United States, but a determination was not made as to its copyright status under the copyright laws of other countries. The Item may not be in the Public Domain under the laws of other countries. Please refer to the organization that has made the Item available for more information.",https://rightsstatements.org/page/NoC-US/1.0/?language=en,image,https://hrc.contentdm.oclc.org/digital/iiif/p15878coll14/220/full/full/0/default.jpg,,"https://hrc.contentdm.oclc.org/digital/iiif/p15878coll14/220/full/133,100/0/default.jpg",,
williamwordsworthpage2,The portrait of William Wordsworth,J.H. Leigh Hunt,1845,An alternative view of the page featuring the portrait of William Wordsworth,william wordsworth;poet,Austin Texas,,,HRC The University of Texas at Austin,STARK_6693_STK,StillImage,image-jpeg,eng,"The organization that has made the Item available believes that the Item is in the Public Domain under the laws of the United States, but a determination was not made as to its copyright status under the copyright laws of other countries. The Item may not be in the Public Domain under the laws of other countries. Please refer to the organization that has made the Item available for more information.",https://rightsstatements.org/page/NoC-US/1.0/?language=en,image,https://hrc.contentdm.oclc.org/digital/iiif/p15878coll14/221/full/full/0/default.jpg,,"https://hrc.contentdm.oclc.org/digital/iiif/p15878coll14/221/full/133,100/0/default.jpg",,
blankpage9,A blank page of the Leigh Hunt Hair Book,J.H. Leigh Hunt,1784-1859,An image of a blank page in the Leigh Hunt Hair Book,leigh hunt;romanticism;hair;blank page,Austin Texas,,,HRC The University of Texas at Austin,STARK_6693_STK,StillImage,image-jpeg,eng,"The organization that has made the Item available believes that the Item is in the Public Domain under the laws of the United States, but a determination was not made as to its copyright status under the copyright laws of other countries. The Item may not be in the Public Domain under the laws of other countries. Please refer to the organization that has made the Item available for more information.",https://rightsstatements.org/page/NoC-US/1.0/?language=en,image,https://hrc.contentdm.oclc.org/digital/iiif/p15878coll14/222/full/full/0/default.jpg,,"https://hrc.contentdm.oclc.org/digital/iiif/p15878coll14/222/full/132,100/0/default.jpg",,
samueltaylorcoleridgepage,The portrait and hair of Samuel Taylor Coleridge,J.H. Leigh Hunt,1825,An image of the page featuring the portrait and hair of Samuel Taylor Coleridge,samuel taylor coleridge;hair;poet,Austin Texas,,,HRC The University of Texas at Austin,STARK_6693_STK,StillImage,image-jpeg,eng,"The organization that has made the Item available believes that the Item is in the Public Domain under the laws of the United States, but a determination was not made as to its copyright status under the copyright laws of other countries. The Item may not be in the Public Domain under the laws of other countries. Please refer to the organization that has made the Item available for more information.",https://rightsstatements.org/page/NoC-US/1.0/?language=en,image,https://hrc.contentdm.oclc.org/digital/iiif/p15878coll14/223/full/full/0/default.jpg,,"https://hrc.contentdm.oclc.org/digital/iiif/p15878coll14/223/full/133,100/0/default.jpg",,
samueltaylorcoleridgeback,The backside of the page featuring Samuel Taylor Coleridge,J.H. Leigh Hunt,1825,An image of the backside of the page featuring Samuel Taylor Coleridge,samuel taylor coleridge;poet,Austin Texas,,,HRC The University of Texas at Austin,STARK_6693_STK,StillImage,image-jpeg,eng,"The organization that has made the Item available believes that the Item is in the Public Domain under the laws of the United States, but a determination was not made as to its copyright status under the copyright laws of other countries. The Item may not be in the Public Domain under the laws of other countries. Please refer to the organization that has made the Item available for more information.",https://rightsstatements.org/page/NoC-US/1.0/?language=en,image,https://hrc.contentdm.oclc.org/digital/iiif/p15878coll14/224/full/full/0/default.jpg,,"https://hrc.contentdm.oclc.org/digital/iiif/p15878coll14/224/full/133,100/0/default.jpg",,
samueltaylorcoleridgepage2,An alternative page featuring the portrait of Samuel Taylor Coleridge,J.H. Leigh Hunt,1825,An image of the alternative page featuring the portrait of Samuel Taylor Coleridge,samuel taylor coleridge;poet,Austin Texas,,,HRC The University of Texas at Austin,STARK_6693_STK,StillImage,image-jpeg,eng,"The organization that has made the Item available believes that the Item is in the Public Domain under the laws of the United States, but a determination was not made as to its copyright status under the copyright laws of other countries. The Item may not be in the Public Domain under the laws of other countries. Please refer to the organization that has made the Item available for more information.",https://rightsstatements.org/page/NoC-US/1.0/?language=en,image,https://hrc.contentdm.oclc.org/digital/iiif/p15878coll14/225/full/full/0/default.jpg,,"https://hrc.contentdm.oclc.org/digital/iiif/p15878coll14/225/full/133,100/0/default.jpg",,
blankpage10,A blank page of the Leigh Hunt Hair Book,J.H. Leigh Hunt,1784-1859,An image of a blank page in the Leigh Hunt Hair Book,leigh hunt;romanticism;hair;blank page,Austin Texas,,,HRC The University of Texas at Austin,STARK_6693_STK,StillImage,image-jpeg,eng,"The organization that has made the Item available believes that the Item is in the Public Domain under the laws of the United States, but a determination was not made as to its copyright status under the copyright laws of other countries. The Item may not be in the Public Domain under the laws of other countries. Please refer to the organization that has made the Item available for more information.",https://rightsstatements.org/page/NoC-US/1.0/?language=en,image,https://hrc.contentdm.oclc.org/digital/iiif/p15878coll14/226/full/full/0/default.jpg,,"https://hrc.contentdm.oclc.org/digital/iiif/p15878coll14/226/full/132,100/0/default.jpg",,
charleslambpage,The portrait and hair of Charles Lamb,J.H. Leigh Hunt,1826,An image of the page featuring the portrait and hair of Charles Lamb,charles lamb;hair;poet,Austin Texas,,,HRC The University of Texas at Austin,STARK_6693_STK,StillImage,image-jpeg,eng,"The organization that has made the Item available believes that the Item is in the Public Domain under the laws of the United States, but a determination was not made as to its copyright status under the copyright laws of other countries. The Item may not be in the Public Domain under the laws of other countries. Please refer to the organization that has made the Item available for more information.",https://rightsstatements.org/page/NoC-US/1.0/?language=en,image,https://hrc.contentdm.oclc.org/digital/iiif/p15878coll14/227/full/full/0/default.jpg,,"https://hrc.contentdm.oclc.org/digital/iiif/p15878coll14/227/full/133,100/0/default.jpg",,
charleslambback,The backside of the page featuring Charles Lamb,J.H. Leigh Hunt,1826,An image of the backside of the page featuring Charles Lamb,charles lamb;poet,Austin Texas,,,HRC The University of Texas at Austin,STARK_6693_STK,StillImage,image-jpeg,eng,"The organization that has made the Item available believes that the Item is in the Public Domain under the laws of the United States, but a determination was not made as to its copyright status under the copyright laws of other countries. The Item may not be in the Public Domain under the laws of other countries. Please refer to the organization that has made the Item available for more information.",https://rightsstatements.org/page/NoC-US/1.0/?language=en,image,https://hrc.contentdm.oclc.org/digital/iiif/p15878coll14/228/full/full/0/default.jpg,,"https://hrc.contentdm.oclc.org/digital/iiif/p15878coll14/228/full/132,100/0/default.jpg",,
charleslambpage2,An alternative page featuring the portrait of Charles Lamb,J.H. Leigh Hunt,1826,An image of the alternative page featuring Charles Lamb,charles lamb;poet,Austin Texas,,,HRC The University of Texas at Austin,STARK_6693_STK,StillImage,image-jpeg,eng,"The organization that has made the Item available believes that the Item is in the Public Domain under the laws of the United States, but a determination was not made as to its copyright status under the copyright laws of other countries. The Item may not be in the Public Domain under the laws of other countries. Please refer to the organization that has made the Item available for more information.",https://rightsstatements.org/page/NoC-US/1.0/?language=en,image,https://hrc.contentdm.oclc.org/digital/iiif/p15878coll14/229/full/full/0/default.jpg,,"https://hrc.contentdm.oclc.org/digital/iiif/p15878coll14/229/full/133,100/0/default.jpg",,
blankpage11,A blank page of the Leigh Hunt Hair Book,J.H. Leigh Hunt,1784-1859,An image of a blank page in the Leigh Hunt Hair Book,leigh hunt;romanticism;hair;blank page,Austin Texas,,,HRC The University of Texas at Austin,STARK_6693_STK,StillImage,image-jpeg,eng,"The organization that has made the Item available believes that the Item is in the Public Domain under the laws of the United States, but a determination was not made as to its copyright status under the copyright laws of other countries. The Item may not be in the Public Domain under the laws of other countries. Please refer to the organization that has made the Item available for more information.",https://rightsstatements.org/page/NoC-US/1.0/?language=en,image,https://hrc.contentdm.oclc.org/digital/iiif/p15878coll14/230/full/full/0/default.jpg,,"https://hrc.contentdm.oclc.org/digital/iiif/p15878coll14/230/full/132,100/0/default.jpg",,
williamhazlittpage,The portrait and hair of William Hazlitt,J.H. Leigh Hunt,1784-1859,An image of the page featuring the portrait and hair of William Hazlitt,william hazlitt;hair;essayist,Austin Texas,,,HRC The University of Texas at Austin,STARK_6693_STK,StillImage,image-jpeg,eng,"The organization that has made the Item available believes that the Item is in the Public Domain under the laws of the United States, but a determination was not made as to its copyright status under the copyright laws of other countries. The Item may not be in the Public Domain under the laws of other countries. Please refer to the organization that has made the Item available for more information.",https://rightsstatements.org/page/NoC-US/1.0/?language=en,image,https://hrc.contentdm.oclc.org/digital/iiif/p15878coll14/231/full/full/0/default.jpg,,"https://hrc.contentdm.oclc.org/digital/iiif/p15878coll14/231/full/134,100/0/default.jpg",,
williamhazlittback,The backside of the page featuring William Hazlitt,J.H. Leigh Hunt,1784-1859,An image of the backside of the page featuring William Hazlitt,william hazlitt;essayist,Austin Texas,,,HRC The University of Texas at Austin,STARK_6693_STK,StillImage,image-jpeg,eng,"The organization that has made the Item available believes that the Item is in the Public Domain under the laws of the United States, but a determination was not made as to its copyright status under the copyright laws of other countries. The Item may not be in the Public Domain under the laws of other countries. Please refer to the organization that has made the Item available for more information.",https://rightsstatements.org/page/NoC-US/1.0/?language=en,image,https://hrc.contentdm.oclc.org/digital/iiif/p15878coll14/232/full/full/0/default.jpg,,"https://hrc.contentdm.oclc.org/digital/iiif/p15878coll14/232/full/133,100/0/default.jpg",,
williamhazlittpage2,An alternative page featuring the portrait of William Hazlitt,J.H. Leigh Hunt,1784-1859,An image of the alternative page featuring the portrait of William Hazlitt,william hazlitt;essayist,Austin Texas,,,HRC The University of Texas at Austin,STARK_6693_STK,StillImage,image-jpeg,eng,"The organization that has made the Item available believes that the Item is in the Public Domain under the laws of the United States, but a determination was not made as to its copyright status under the copyright laws of other countries. The Item may not be in the Public Domain under the laws of other countries. Please refer to the organization that has made the Item available for more information.",https://rightsstatements.org/page/NoC-US/1.0/?language=en,image,https://hrc.contentdm.oclc.org/digital/iiif/p15878coll14/233/full/full/0/default.jpg,,"https://hrc.contentdm.oclc.org/digital/iiif/p15878coll14/233/full/133,100/0/default.jpg",,
blankpage12,A blank page of the Leigh Hunt Hair Book,J.H. Leigh Hunt,1784-1859,An image of a blank page in the Leigh Hunt Hair Book,leigh hunt;romanticism;hair;blank page,Austin Texas,,,HRC The University of Texas at Austin,STARK_6693_STK,StillImage,image-jpeg,eng,"The organization that has made the Item available believes that the Item is in the Public Domain under the laws of the United States, but a determination was not made as to its copyright status under the copyright laws of other countries. The Item may not be in the Public Domain under the laws of other countries. Please refer to the organization that has made the Item available for more information.",https://rightsstatements.org/page/NoC-US/1.0/?language=en,image,https://hrc.contentdm.oclc.org/digital/iiif/p15878coll14/234/full/full/0/default.jpg,,"https://hrc.contentdm.oclc.org/digital/iiif/p15878coll14/234/full/132,100/0/default.jpg",,
brianwallerprocter,The portrait and hair of Brian Waller Procter,J.H. Leigh Hunt,1821,An image of the page featuring Brian Waller Procter,brian waller procter;hair;poet,Austin Texas,,,HRC The University of Texas at Austin,STARK_6693_STK,StillImage,image-jpeg,eng,"The organization that has made the Item available believes that the Item is in the Public Domain under the laws of the United States, but a determination was not made as to its copyright status under the copyright laws of other countries. The Item may not be in the Public Domain under the laws of other countries. Please refer to the organization that has made the Item available for more information.",https://rightsstatements.org/page/NoC-US/1.0/?language=en,image,https://hrc.contentdm.oclc.org/digital/iiif/p15878coll14/235/full/full/0/default.jpg,,"https://hrc.contentdm.oclc.org/digital/iiif/p15878coll14/235/full/134,100/0/default.jpg",,
brianwallerprocterback,The backside of the page featuring Brian Waller Procter,J.H. Leigh Hunt,1821,An image of the page featuring Brian Waller Procter,brian waller procter;poet,Austin Texas,,,HRC The University of Texas at Austin,STARK_6693_STK,StillImage,image-jpeg,eng,"The organization that has made the Item available believes that the Item is in the Public Domain under the laws of the United States, but a determination was not made as to its copyright status under the copyright laws of other countries. The Item may not be in the Public Domain under the laws of other countries. Please refer to the organization that has made the Item available for more information.",https://rightsstatements.org/page/NoC-US/1.0/?language=en,image,https://hrc.contentdm.oclc.org/digital/iiif/p15878coll14/236/full/full/0/default.jpg,,"https://hrc.contentdm.oclc.org/digital/iiif/p15878coll14/236/full/132,100/0/default.jpg",,
brianwallerprocter2,An alternative page featuring the portrait of Brian Waller Procter,J.H. Leigh Hunt,1821,An image of the alternative page featuring Brian Waller Procter,brian waller procter;poet,Austin Texas,,,HRC The University of Texas at Austin,STARK_6693_STK,StillImage,image-jpeg,eng,"The organization that has made the Item available believes that the Item is in the Public Domain under the laws of the United States, but a determination was not made as to its copyright status under the copyright laws of other countries. The Item may not be in the Public Domain under the laws of other countries. Please refer to the organization that has made the Item available for more information.",https://rightsstatements.org/page/NoC-US/1.0/?language=en,image,https://hrc.contentdm.oclc.org/digital/iiif/p15878coll14/237/full/full/0/default.jpg,,"https://hrc.contentdm.oclc.org/digital/iiif/p15878coll14/237/full/133,100/0/default.jpg",,
blankpage13,A blank page of the Leigh Hunt Hair Book,J.H. Leigh Hunt,1784-1859,An image of a blank page in the Leigh Hunt Hair Book,leigh hunt;romanticism;hair;blank page,Austin Texas,,,HRC The University of Texas at Austin,STARK_6693_STK,StillImage,image-jpeg,eng,"The organization that has made the Item available believes that the Item is in the Public Domain under the laws of the United States, but a determination was not made as to its copyright status under the copyright laws of other countries. The Item may not be in the Public Domain under the laws of other countries. Please refer to the organization that has made the Item available for more information.",https://rightsstatements.org/page/NoC-US/1.0/?language=en,image,https://hrc.contentdm.oclc.org/digital/iiif/p15878coll14/238/full/full/0/default.jpg,,"https://hrc.contentdm.oclc.org/digital/iiif/p15878coll14/238/full/133,100/0/default.jpg",,
thomassouthwoodsmithpage,The portrait and hair of Thomas Southwood Smith,J.H. Leigh Hunt,1845,An image of the page featuring the hair and portrait of Thomas Southwood Smith,thomas southwood smith;hair;physicians,Austin Texas,,,HRC The University of Texas at Austin,STARK_6693_STK,StillImage,image-jpeg,eng,"The organization that has made the Item available believes that the Item is in the Public Domain under the laws of the United States, but a determination was not made as to its copyright status under the copyright laws of other countries. The Item may not be in the Public Domain under the laws of other countries. Please refer to the organization that has made the Item available for more information.",https://rightsstatements.org/page/NoC-US/1.0/?language=en,image,https://hrc.contentdm.oclc.org/digital/iiif/p15878coll14/239/full/full/0/default.jpg,,"https://hrc.contentdm.oclc.org/digital/iiif/p15878coll14/239/full/133,100/0/default.jpg",,
thomassouthwoodsmithback,The backside of the page featuring Thomas Southwood Smith,J.H. Leigh Hunt,1845,An image of the backside of the page featuring Thomas Southwood Smith,thomas southwood smith;physicians,Austin Texas,,,HRC The University of Texas at Austin,STARK_6693_STK,StillImage,image-jpeg,eng,"The organization that has made the Item available believes that the Item is in the Public Domain under the laws of the United States, but a determination was not made as to its copyright status under the copyright laws of other countries. The Item may not be in the Public Domain under the laws of other countries. Please refer to the organization that has made the Item available for more information.",https://rightsstatements.org/page/NoC-US/1.0/?language=en,image,https://hrc.contentdm.oclc.org/digital/iiif/p15878coll14/240/full/full/0/default.jpg,,"https://hrc.contentdm.oclc.org/digital/iiif/p15878coll14/240/full/132,100/0/default.jpg",,
thomassouthwoodsmithpage2,An alternative page featuring the portrait of Thomas Southwood Smith,J.H. Leigh Hunt,1845,An image of the alternative page featuring Thomas Southwood Smith,thomas southwood smith;physician,Austin Texas,,,HRC The University of Texas at Austin,STARK_6693_STK,StillImage,image-jpeg,eng,"The organization that has made the Item available believes that the Item is in the Public Domain under the laws of the United States, but a determination was not made as to its copyright status under the copyright laws of other countries. The Item may not be in the Public Domain under the laws of other countries. Please refer to the organization that has made the Item available for more information.",https://rightsstatements.org/page/NoC-US/1.0/?language=en,image,https://hrc.contentdm.oclc.org/digital/iiif/p15878coll14/241/full/full/0/default.jpg,,"https://hrc.contentdm.oclc.org/digital/iiif/p15878coll14/241/full/133,100/0/default.jpg",,
blankpage14,A blank page of the Leigh Hunt Hair Book,J.H. Leigh Hunt,1784-1859,An image of a blank page in the Leigh Hunt Hair Book,leigh hunt;romanticism;hair;blank page,Austin Texas,,,HRC The University of Texas at Austin,STARK_6693_STK,StillImage,image-jpeg,eng,"The organization that has made the Item available believes that the Item is in the Public Domain under the laws of the United States, but a determination was not made as to its copyright status under the copyright laws of other countries. The Item may not be in the Public Domain under the laws of other countries. Please refer to the organization that has made the Item available for more information.",https://rightsstatements.org/page/NoC-US/1.0/?language=en,image,https://hrc.contentdm.oclc.org/digital/iiif/p15878coll14/242/full/full/0/default.jpg,,"https://hrc.contentdm.oclc.org/digital/iiif/p15878coll14/242/full/132,100/0/default.jpg",,
percybyssheshelleypage,The portrait and hair of Percy Bysshe Shelley,J.H. Leigh Hunt,1820,An image of the page featuring the portrait and hair of Percy Bysshe Shelley,percy bysshe shelley;hair;poet,Austin Texas,,,HRC The University of Texas at Austin,STARK_6693_STK,StillImage,image-jpeg,eng,"The organization that has made the Item available believes that the Item is in the Public Domain under the laws of the United States, but a determination was not made as to its copyright status under the copyright laws of other countries. The Item may not be in the Public Domain under the laws of other countries. Please refer to the organization that has made the Item available for more information.",https://rightsstatements.org/page/NoC-US/1.0/?language=en,image,https://hrc.contentdm.oclc.org/digital/iiif/p15878coll14/243/full/full/0/default.jpg,,"https://hrc.contentdm.oclc.org/digital/iiif/p15878coll14/243/full/133,100/0/default.jpg",,
percybyssheshelleyback,The backside of the page featuring Percy Bysshe Shelley,J.H. Leigh Hunt,1820,An image of the backside of the page featuring Percy Bysshe Shelley,percy bysshe shelley;poet,Austin Texas,,,HRC The University of Texas at Austin,STARK_6693_STK,StillImage,image-jpeg,eng,"The organization that has made the Item available believes that the Item is in the Public Domain under the laws of the United States, but a determination was not made as to its copyright status under the copyright laws of other countries. The Item may not be in the Public Domain under the laws of other countries. Please refer to the organization that has made the Item available for more information.",https://rightsstatements.org/page/NoC-US/1.0/?language=en,image,https://hrc.contentdm.oclc.org/digital/iiif/p15878coll14/244/full/full/0/default.jpg,,"https://hrc.contentdm.oclc.org/digital/iiif/p15878coll14/244/full/132,100/0/default.jpg",,
percybyssheshelleypage2,An alternative page featuring the portrait of Percy Bysshe Shelley,J.H. Leigh Hunt,1820,An image of the alternative page featuring Percy Bysshe Shelley,percy bysshe shelley;poet,Austin Texas,,,HRC The University of Texas at Austin,STARK_6693_STK,StillImage,image-jpeg,eng,"The organization that has made the Item available believes that the Item is in the Public Domain under the laws of the United States, but a determination was not made as to its copyright status under the copyright laws of other countries. The Item may not be in the Public Domain under the laws of other countries. Please refer to the organization that has made the Item available for more information.",https://rightsstatements.org/page/NoC-US/1.0/?language=en,image,https://hrc.contentdm.oclc.org/digital/iiif/p15878coll14/245/full/full/0/default.jpg,,"https://hrc.contentdm.oclc.org/digital/iiif/p15878coll14/245/full/133,100/0/default.jpg",,
blankpage15,A blank page of the Leigh Hunt Hair Book,J.H. Leigh Hunt,1784-1859,An image of a blank page in the Leigh Hunt Hair Book,leigh hunt;romanticism;hair;blank page,Austin Texas,,,HRC The University of Texas at Austin,STARK_6693_STK,StillImage,image-jpeg,eng,"The organization that has made the Item available believes that the Item is in the Public Domain under the laws of the United States, but a determination was not made as to its copyright status under the copyright laws of other countries. The Item may not be in the Public Domain under the laws of other countries. Please refer to the organization that has made the Item available for more information.",https://rightsstatements.org/page/NoC-US/1.0/?language=en,image,https://hrc.contentdm.oclc.org/digital/iiif/p15878coll14/246/full/full/0/default.jpg,,"https://hrc.contentdm.oclc.org/digital/iiif/p15878coll14/246/full/132,100/0/default.jpg",,
thomascarlylepage,The portrait and hair of Thomas Carlyle,J.H. Leigh Hunt,1840,An image of the page featuring Thomas Carlyle,thomas carlyle;hair;scottish;essayist,Austin Texas,,,HRC The University of Texas at Austin,STARK_6693_STK,StillImage,image-jpeg,eng,"The organization that has made the Item available believes that the Item is in the Public Domain under the laws of the United States, but a determination was not made as to its copyright status under the copyright laws of other countries. The Item may not be in the Public Domain under the laws of other countries. Please refer to the organization that has made the Item available for more information.",https://rightsstatements.org/page/NoC-US/1.0/?language=en,image,https://hrc.contentdm.oclc.org/digital/iiif/p15878coll14/247/full/full/0/default.jpg,,"https://hrc.contentdm.oclc.org/digital/iiif/p15878coll14/247/full/134,100/0/default.jpg",,
thomascarlyleback,The backside of the page featuring Thomas Carlyle,J.H. Leigh Hunt,1840,An image of the backside of the page featuring Thomas Carlyle,thomas carlyle;scottish;essayist,Austin Texas,,,HRC The University of Texas at Austin,STARK_6693_STK,StillImage,image-jpeg,eng,"The organization that has made the Item available believes that the Item is in the Public Domain under the laws of the United States, but a determination was not made as to its copyright status under the copyright laws of other countries. The Item may not be in the Public Domain under the laws of other countries. Please refer to the organization that has made the Item available for more information.",https://rightsstatements.org/page/NoC-US/1.0/?language=en,image,https://hrc.contentdm.oclc.org/digital/iiif/p15878coll14/248/full/full/0/default.jpg,,"https://hrc.contentdm.oclc.org/digital/iiif/p15878coll14/248/full/133,100/0/default.jpg",,
thomascarlylepage2,An alternative page featuring Thomas Carlyle,J.H. Leigh Hunt,1840,An image of the alternative page featuring Thomas Carlyle,thomas carlyle;scottish;essayist,Austin Texas,,,HRC The University of Texas at Austin,STARK_6693_STK,StillImage,image-jpeg,eng,"The organization that has made the Item available believes that the Item is in the Public Domain under the laws of the United States, but a determination was not made as to its copyright status under the copyright laws of other countries. The Item may not be in the Public Domain under the laws of other countries. Please refer to the organization that has made the Item available for more information.",https://rightsstatements.org/page/NoC-US/1.0/?language=en,image,https://hrc.contentdm.oclc.org/digital/iiif/p15878coll14/249/full/full/0/default.jpg,,"https://hrc.contentdm.oclc.org/digital/iiif/p15878coll14/249/full/134,100/0/default.jpg",,
blankpage16,A blank page of the Leigh Hunt Hair Book,J.H. Leigh Hunt,1784-1859,An image of a blank page in the Leigh Hunt Hair Book,leigh hunt;romanticism;hair;blank page,Austin Texas,,,HRC The University of Texas at Austin,STARK_6693_STK,StillImage,image-jpeg,eng,"The organization that has made the Item available believes that the Item is in the Public Domain under the laws of the United States, but a determination was not made as to its copyright status under the copyright laws of other countries. The Item may not be in the Public Domain under the laws of other countries. Please refer to the organization that has made the Item available for more information.",https://rightsstatements.org/page/NoC-US/1.0/?language=en,image,https://hrc.contentdm.oclc.org/digital/iiif/p15878coll14/250/full/full/0/default.jpg,,"https://hrc.contentdm.oclc.org/digital/iiif/p15878coll14/250/full/132,100/0/default.jpg",,
johnkeatspage,The portrait and hair of John Keats,J.H. Leigh Hunt,1784-1859,An image of the page featuring the portrait and hair of John Keats,john keats;hair;poet,Austin Texas,,,HRC The University of Texas at Austin,STARK_6693_STK,StillImage,image-jpeg,eng,"The organization that has made the Item available believes that the Item is in the Public Domain under the laws of the United States, but a determination was not made as to its copyright status under the copyright laws of other countries. The Item may not be in the Public Domain under the laws of other countries. Please refer to the organization that has made the Item available for more information.",https://rightsstatements.org/page/NoC-US/1.0/?language=en,image,https://hrc.contentdm.oclc.org/digital/iiif/p15878coll14/251/full/full/0/default.jpg,,"https://hrc.contentdm.oclc.org/digital/iiif/p15878coll14/251/full/134,100/0/default.jpg",,
johnkeatsback,The backside of the page featuring John Keats,J.H. Leigh Hunt,1784-1859,An image of the backside of the page featuring John Keats,john keats;poet,Austin Texas,,,HRC The University of Texas at Austin,STARK_6693_STK,StillImage,image-jpeg,eng,"The organization that has made the Item available believes that the Item is in the Public Domain under the laws of the United States, but a determination was not made as to its copyright status under the copyright laws of other countries. The Item may not be in the Public Domain under the laws of other countries. Please refer to the organization that has made the Item available for more information.",https://rightsstatements.org/page/NoC-US/1.0/?language=en,image,https://hrc.contentdm.oclc.org/digital/iiif/p15878coll14/252/full/full/0/default.jpg,,"https://hrc.contentdm.oclc.org/digital/iiif/p15878coll14/252/full/132,100/0/default.jpg",,
johnkeatspage2,An alternative page featuring the portrait of John Keats,J.H. Leigh Hunt,1784-1859,An image of the alternative page featuring John Keats,john keats;poet,Austin Texas,,,HRC The University of Texas at Austin,STARK_6693_STK,StillImage,image-jpeg,eng,"The organization that has made the Item available believes that the Item is in the Public Domain under the laws of the United States, but a determination was not made as to its copyright status under the copyright laws of other countries. The Item may not be in the Public Domain under the laws of other countries. Please refer to the organization that has made the Item available for more information.",https://rightsstatements.org/page/NoC-US/1.0/?language=en,image,https://hrc.contentdm.oclc.org/digital/iiif/p15878coll14/253/full/full/0/default.jpg,,"https://hrc.contentdm.oclc.org/digital/iiif/p15878coll14/253/full/134,100/0/default.jpg",,
blankpage17,A blank page of the Leigh Hunt Hair Book,J.H. Leigh Hunt,1784-1859,An image of a blank page in the Leigh Hunt Hair Book,leigh hunt;romanticism;hair;blank page,Austin Texas,,,HRC The University of Texas at Austin,STARK_6693_STK,StillImage,image-jpeg,eng,"The organization that has made the Item available believes that the Item is in the Public Domain under the laws of the United States, but a determination was not made as to its copyright status under the copyright laws of other countries. The Item may not be in the Public Domain under the laws of other countries. Please refer to the organization that has made the Item available for more information.",https://rightsstatements.org/page/NoC-US/1.0/?language=en,image,https://hrc.contentdm.oclc.org/digital/iiif/p15878coll14/254/full/full/0/default.jpg,,"https://hrc.contentdm.oclc.org/digital/iiif/p15878coll14/254/full/132,100/0/default.jpg",,
maryshelleypage,The portrait and hair of Mary Wollstonecraft Shelley,J.H. Leigh Hunt,1820,An image of the page featuring the portrait and hair of Mary Wollstonecraft Shelley,mary w. shelley;hair;novelist,Austin Texas,,,HRC The University of Texas at Austin,STARK_6693_STK,StillImage,image-jpeg,eng,"The organization that has made the Item available believes that the Item is in the Public Domain under the laws of the United States, but a determination was not made as to its copyright status under the copyright laws of other countries. The Item may not be in the Public Domain under the laws of other countries. Please refer to the organization that has made the Item available for more information.",https://rightsstatements.org/page/NoC-US/1.0/?language=en,image,https://hrc.contentdm.oclc.org/digital/iiif/p15878coll14/255/full/full/0/default.jpg,,"https://hrc.contentdm.oclc.org/digital/iiif/p15878coll14/255/full/134,100/0/default.jpg",,
maryshelleyback,The backside of the page featuring Mary Wollstonecraft Shelley,J.H. Leigh Hunt,1820,An image of the backside of the page featuring Mary Wollstonecraft Shelley,mary w. shelley;novelist,Austin Texas,,,HRC The University of Texas at Austin,STARK_6693_STK,StillImage,image-jpeg,eng,"The organization that has made the Item available believes that the Item is in the Public Domain under the laws of the United States, but a determination was not made as to its copyright status under the copyright laws of other countries. The Item may not be in the Public Domain under the laws of other countries. Please refer to the organization that has made the Item available for more information.",https://rightsstatements.org/page/NoC-US/1.0/?language=en,image,https://hrc.contentdm.oclc.org/digital/iiif/p15878coll14/256/full/full/0/default.jpg,,"https://hrc.contentdm.oclc.org/digital/iiif/p15878coll14/256/full/133,100/0/default.jpg",,
maryshelleypage2,An alternative page featuring the portrait of Mary Wollstonecraft Shelley,J.H. Leigh Hunt,1820,An image of the alternative page featuring Mary Wollstonecraft Shelley,mary w. shelley;novelist,Austin Texas,,,HRC The University of Texas at Austin,STARK_6693_STK,StillImage,image-jpeg,eng,"The organization that has made the Item available believes that the Item is in the Public Domain under the laws of the United States, but a determination was not made as to its copyright status under the copyright laws of other countries. The Item may not be in the Public Domain under the laws of other countries. Please refer to the organization that has made the Item available for more information.",https://rightsstatements.org/page/NoC-US/1.0/?language=en,image,https://hrc.contentdm.oclc.org/digital/iiif/p15878coll14/257/full/full/0/default.jpg,,"https://hrc.contentdm.oclc.org/digital/iiif/p15878coll14/257/full/136,100/0/default.jpg",,
blankpage18,A blank page of the Leigh Hunt Hair Book,J.H. Leigh Hunt,1784-1859,An image of a blank page in the Leigh Hunt Hair Book,leigh hunt;romanticism;hair;blank page,Austin Texas,,,HRC The University of Texas at Austin,STARK_6693_STK,StillImage,image-jpeg,eng,"The organization that has made the Item available believes that the Item is in the Public Domain under the laws of the United States, but a determination was not made as to its copyright status under the copyright laws of other countries. The Item may not be in the Public Domain under the laws of other countries. Please refer to the organization that has made the Item available for more information.",https://rightsstatements.org/page/NoC-US/1.0/?language=en,image,https://hrc.contentdm.oclc.org/digital/iiif/p15878coll14/258/full/full/0/default.jpg,,"https://hrc.contentdm.oclc.org/digital/iiif/p15878coll14/258/full/133,100/0/default.jpg",,
gprjamespage,The portrait and hair of George Payne Rainsford James,J.H. Leigh Hunt,1784-1859,An image of the page featuring the portrait and hair of George Payne Rainsford James,g.p.r. james;hair;novelist,Austin Texas,,,HRC The University of Texas at Austin,STARK_6693_STK,StillImage,image-jpeg,eng,"The organization that has made the Item available believes that the Item is in the Public Domain under the laws of the United States, but a determination was not made as to its copyright status under the copyright laws of other countries. The Item may not be in the Public Domain under the laws of other countries. Please refer to the organization that has made the Item available for more information.",https://rightsstatements.org/page/NoC-US/1.0/?language=en,image,https://hrc.contentdm.oclc.org/digital/iiif/p15878coll14/259/full/full/0/default.jpg,,"https://hrc.contentdm.oclc.org/digital/iiif/p15878coll14/259/full/136,100/0/default.jpg",,
gprjamesback,The backside of the page featuring George Payne Rainsford James,J.H. Leigh Hunt,1784-1859,An image of the backside of the page featuring George Payne Rainsford James,g.p.r. james;novelist,Austin Texas,,,HRC The University of Texas at Austin,STARK_6693_STK,StillImage,image-jpeg,eng,"The organization that has made the Item available believes that the Item is in the Public Domain under the laws of the United States, but a determination was not made as to its copyright status under the copyright laws of other countries. The Item may not be in the Public Domain under the laws of other countries. Please refer to the organization that has made the Item available for more information.",https://rightsstatements.org/page/NoC-US/1.0/?language=en,image,https://hrc.contentdm.oclc.org/digital/iiif/p15878coll14/260/full/full/0/default.jpg,,"https://hrc.contentdm.oclc.org/digital/iiif/p15878coll14/260/full/133,100/0/default.jpg",,
gprjamespage2,An alternative page featuring the portrait of George Payne Rainsford James,J.H. Leigh Hunt,1784-1859,An image of the alternative page featuring George Payne Rainsford James,g.p.r. james;novelist,Austin Texas,,,HRC The University of Texas at Austin,STARK_6693_STK,StillImage,image-jpeg,eng,"The organization that has made the Item available believes that the Item is in the Public Domain under the laws of the United States, but a determination was not made as to its copyright status under the copyright laws of other countries. The Item may not be in the Public Domain under the laws of other countries. Please refer to the organization that has made the Item available for more information.",https://rightsstatements.org/page/NoC-US/1.0/?language=en,image,https://hrc.contentdm.oclc.org/digital/iiif/p15878coll14/261/full/full/0/default.jpg,,"https://hrc.contentdm.oclc.org/digital/iiif/p15878coll14/261/full/137,100/0/default.jpg",,
blankpage19,A blank page of the Leigh Hunt Hair Book,J.H. Leigh Hunt,1784-1859,An image of a blank page in the Leigh Hunt Hair Book,leigh hunt;romanticism;hair;blank page,Austin Texas,,,HRC The University of Texas at Austin,STARK_6693_STK,StillImage,image-jpeg,eng,"The organization that has made the Item available believes that the Item is in the Public Domain under the laws of the United States, but a determination was not made as to its copyright status under the copyright laws of other countries. The Item may not be in the Public Domain under the laws of other countries. Please refer to the organization that has made the Item available for more information.",https://rightsstatements.org/page/NoC-US/1.0/?language=en,image,https://hrc.contentdm.oclc.org/digital/iiif/p15878coll14/262/full/full/0/default.jpg,,"https://hrc.contentdm.oclc.org/digital/iiif/p15878coll14/262/full/131,100/0/default.jpg",,
richardhengisthornepage,The portrait and hair of Richard Hengist Horne,J.H. Leigh Hunt,1784-1859,An image of the page featuring the portrait and hair of Richard Hengist Horne,richard hengist horne;hair;poet,Austin Texas,,,HRC The University of Texas at Austin,STARK_6693_STK,StillImage,image-jpeg,eng,"The organization that has made the Item available believes that the Item is in the Public Domain under the laws of the United States, but a determination was not made as to its copyright status under the copyright laws of other countries. The Item may not be in the Public Domain under the laws of other countries. Please refer to the organization that has made the Item available for more information.",https://rightsstatements.org/page/NoC-US/1.0/?language=en,image,https://hrc.contentdm.oclc.org/digital/iiif/p15878coll14/263/full/full/0/default.jpg,,"https://hrc.contentdm.oclc.org/digital/iiif/p15878coll14/263/full/136,100/0/default.jpg",,
richardhengisthorneback,The backside of the page featuring Richard Hengist Horne,J.H. Leigh Hunt,1784-1859,An image of the backside of the page featuring Richard Hengist Horne,richard hengist horne;poet,Austin Texas,,,HRC The University of Texas at Austin,STARK_6693_STK,StillImage,image-jpeg,eng,"The organization that has made the Item available believes that the Item is in the Public Domain under the laws of the United States, but a determination was not made as to its copyright status under the copyright laws of other countries. The Item may not be in the Public Domain under the laws of other countries. Please refer to the organization that has made the Item available for more information.",https://rightsstatements.org/page/NoC-US/1.0/?language=en,image,https://hrc.contentdm.oclc.org/digital/iiif/p15878coll14/264/full/full/0/default.jpg,,"https://hrc.contentdm.oclc.org/digital/iiif/p15878coll14/264/full/132,100/0/default.jpg",,
richardhengisthornepage2,An alternative page featuring the portrait of Richard Hengist Horne,J.H. Leigh Hunt,1784-1859,An image of the alternative page featuring Richard Hengist Horne,richard hengist horne;poet,Austin Texas,,,HRC The University of Texas at Austin,STARK_6693_STK,StillImage,image-jpeg,eng,"The organization that has made the Item available believes that the Item is in the Public Domain under the laws of the United States, but a determination was not made as to its copyright status under the copyright laws of other countries. The Item may not be in the Public Domain under the laws of other countries. Please refer to the organization that has made the Item available for more information.",https://rightsstatements.org/page/NoC-US/1.0/?language=en,image,https://hrc.contentdm.oclc.org/digital/iiif/p15878coll14/265/full/full/0/default.jpg,,"https://hrc.contentdm.oclc.org/digital/iiif/p15878coll14/265/full/136,100/0/default.jpg",,
blankpage20,A blank page of the Leigh Hunt Hair Book,J.H. Leigh Hunt,1784-1859,An image of a blank page in the Leigh Hunt Hair Book,leigh hunt;romanticism;hair;blank page,Austin Texas,,,HRC The University of Texas at Austin,STARK_6693_STK,StillImage,image-jpeg,eng,"The organization that has made the Item available believes that the Item is in the Public Domain under the laws of the United States, but a determination was not made as to its copyright status under the copyright laws of other countries. The Item may not be in the Public Domain under the laws of other countries. Please refer to the organization that has made the Item available for more information.",https://rightsstatements.org/page/NoC-US/1.0/?language=en,image,https://hrc.contentdm.oclc.org/digital/iiif/p15878coll14/266/full/full/0/default.jpg,,"https://hrc.contentdm.oclc.org/digital/iiif/p15878coll14/266/full/133,100/0/default.jpg",,
elizabethbarrettbrowningpage,The portrait and hair of Elizabeth Barrett Browning,J.H. Leigh Hunt,1856,An image of the page featuring the portrait and hair of Elizabeth Barrett Browning,elizabeth barrett browning;hair;poet,Austin Texas,,,HRC The University of Texas at Austin,STARK_6693_STK,StillImage,image-jpeg,eng,"The organization that has made the Item available believes that the Item is in the Public Domain under the laws of the United States, but a determination was not made as to its copyright status under the copyright laws of other countries. The Item may not be in the Public Domain under the laws of other countries. Please refer to the organization that has made the Item available for more information.",https://rightsstatements.org/page/NoC-US/1.0/?language=en,image,https://hrc.contentdm.oclc.org/digital/iiif/p15878coll14/267/full/full/0/default.jpg,,"https://hrc.contentdm.oclc.org/digital/iiif/p15878coll14/267/full/135,100/0/default.jpg",,
elizabethbarrettbrowningback,The backside of the page featuring Elizabeth Barrett Browning,J.H. Leigh Hunt,1856,An image of the backside of the page featuring Elizabeth Barrett Browning,elizabeth barrett browning;poet,Austin Texas,,,HRC The University of Texas at Austin,STARK_6693_STK,StillImage,image-jpeg,eng,"The organization that has made the Item available believes that the Item is in the Public Domain under the laws of the United States, but a determination was not made as to its copyright status under the copyright laws of other countries. The Item may not be in the Public Domain under the laws of other countries. Please refer to the organization that has made the Item available for more information.",https://rightsstatements.org/page/NoC-US/1.0/?language=en,image,https://hrc.contentdm.oclc.org/digital/iiif/p15878coll14/268/full/full/0/default.jpg,,"https://hrc.contentdm.oclc.org/digital/iiif/p15878coll14/268/full/130,100/0/default.jpg",,
elizabethbarrettbrowningpage2,An alternative page featuring the portrait of Elizabeth Barrett Browning,J.H. Leigh Hunt,1856,An image of the alternative page featuring Elizabeth Barrett Browning,elizabeth barrett browning;poet,Austin Texas,,,HRC The University of Texas at Austin,STARK_6693_STK,StillImage,image-jpeg,eng,"The organization that has made the Item available believes that the Item is in the Public Domain under the laws of the United States, but a determination was not made as to its copyright status under the copyright laws of other countries. The Item may not be in the Public Domain under the laws of other countries. Please refer to the organization that has made the Item available for more information.",https://rightsstatements.org/page/NoC-US/1.0/?language=en,image,https://hrc.contentdm.oclc.org/digital/iiif/p15878coll14/269/full/full/0/default.jpg,,"https://hrc.contentdm.oclc.org/digital/iiif/p15878coll14/269/full/136,100/0/default.jpg",,
blankpage21,A blank page of the Leigh Hunt Hair Book,J.H. Leigh Hunt,1784-1859,An image of a blank page in the Leigh Hunt Hair Book,leigh hunt;romanticism;hair;blank page,Austin Texas,,,HRC The University of Texas at Austin,STARK_6693_STK,StillImage,image-jpeg,eng,"The organization that has made the Item available believes that the Item is in the Public Domain under the laws of the United States, but a determination was not made as to its copyright status under the copyright laws of other countries. The Item may not be in the Public Domain under the laws of other countries. Please refer to the organization that has made the Item available for more information.",https://rightsstatements.org/page/NoC-US/1.0/?language=en,image,https://hrc.contentdm.oclc.org/digital/iiif/p15878coll14/270/full/full/0/default.jpg,,"https://hrc.contentdm.oclc.org/digital/iiif/p15878coll14/270/full/132,100/0/default.jpg",,
robertbrowningpage,The portrait and hair of Robert Browning,J.H. Leigh Hunt,1856,An image of the page featuring the portrait and hair of Robert Browning,robert browning;hair;poet;playwright,Austin Texas,,,HRC The University of Texas at Austin,STARK_6693_STK,StillImage,image-jpeg,eng,"The organization that has made the Item available believes that the Item is in the Public Domain under the laws of the United States, but a determination was not made as to its copyright status under the copyright laws of other countries. The Item may not be in the Public Domain under the laws of other countries. Please refer to the organization that has made the Item available for more information.",https://rightsstatements.org/page/NoC-US/1.0/?language=en,image,https://hrc.contentdm.oclc.org/digital/iiif/p15878coll14/271/full/full/0/default.jpg,,"https://hrc.contentdm.oclc.org/digital/iiif/p15878coll14/271/full/136,100/0/default.jpg",,
robertbrowningback,The backside of the page featuring Robert Browning,J.H. Leigh Hunt,1856,An image of the backside of the page featuring Robert Browning,robert browning;poet;playwright,Austin Texas,,,HRC The University of Texas at Austin,STARK_6693_STK,StillImage,image-jpeg,eng,"The organization that has made the Item available believes that the Item is in the Public Domain under the laws of the United States, but a determination was not made as to its copyright status under the copyright laws of other countries. The Item may not be in the Public Domain under the laws of other countries. Please refer to the organization that has made the Item available for more information.",https://rightsstatements.org/page/NoC-US/1.0/?language=en,image,https://hrc.contentdm.oclc.org/digital/iiif/p15878coll14/272/full/full/0/default.jpg,,"https://hrc.contentdm.oclc.org/digital/iiif/p15878coll14/272/full/131,100/0/default.jpg",,
robertbrowningpage2,An alternative page featuring the portrait of Robert Browning,J.H. Leigh Hunt,1856,An image of the alternative page featuring Robert Browning,robert browning;poet;playwright,Austin Texas,,,HRC The University of Texas at Austin,STARK_6693_STK,StillImage,image-jpeg,eng,"The organization that has made the Item available believes that the Item is in the Public Domain under the laws of the United States, but a determination was not made as to its copyright status under the copyright laws of other countries. The Item may not be in the Public Domain under the laws of other countries. Please refer to the organization that has made the Item available for more information.",https://rightsstatements.org/page/NoC-US/1.0/?language=en,image,https://hrc.contentdm.oclc.org/digital/iiif/p15878coll14/273/full/full/0/default.jpg,,"https://hrc.contentdm.oclc.org/digital/iiif/p15878coll14/273/full/135,100/0/default.jpg",,
blankpage22,A blank page of the Leigh Hunt Hair Book,J.H. Leigh Hunt,1784-1859,An image of a blank page in the Leigh Hunt Hair Book,leigh hunt;romanticism;hair;blank page,Austin Texas,,,HRC The University of Texas at Austin,STARK_6693_STK,StillImage,image-jpeg,eng,"The organization that has made the Item available believes that the Item is in the Public Domain under the laws of the United States, but a determination was not made as to its copyright status under the copyright laws of other countries. The Item may not be in the Public Domain under the laws of other countries. Please refer to the organization that has made the Item available for more information.",https://rightsstatements.org/page/NoC-US/1.0/?language=en,image,https://hrc.contentdm.oclc.org/digital/iiif/p15878coll14/274/full/full/0/default.jpg,,"https://hrc.contentdm.oclc.org/digital/iiif/p15878coll14/274/full/130,100/0/default.jpg",,
endflyleafrecto,The end recto page of the Leigh Hunt Hair Book,J.H. Leigh Hunt,1784-1859,An image of the end recto page of the Leigh Hunt Hair Book.,leigh hunt;romanticism;hair;end recto page,Austin Texas,,,HRC The University of Texas at Austin,STARK_6693_STK,StillImage,image-jpeg,eng,"The organization that has made the Item available believes that the Item is in the Public Domain under the laws of the United States, but a determination was not made as to its copyright status under the copyright laws of other countries. The Item may not be in the Public Domain under the laws of other countries. Please refer to the organization that has made the Item available for more information.",https://rightsstatements.org/page/NoC-US/1.0/?language=en,image,https://hrc.contentdm.oclc.org/digital/iiif/p15878coll14/275/full/full/0/default.jpg,,"https://hrc.contentdm.oclc.org/digital/iiif/p15878coll14/275/full/137,100/0/default.jpg",,
endflyleafverso,The end verso page of the Leigh Hunt Hair Book,J.H. Leigh Hunt,1784-1859,An image of the end verso page of the Leigh Hunt Hair Book.,leigh hunt;romanticism;hair;end verso page,Austin Texas,,,HRC The University of Texas at Austin,STARK_6693_STK,StillImage,image-jpeg,eng,"The organization that has made the Item available believes that the Item is in the Public Domain under the laws of the United States, but a determination was not made as to its copyright status under the copyright laws of other countries. The Item may not be in the Public Domain under the laws of other countries. Please refer to the organization that has made the Item available for more information.",https://rightsstatements.org/page/NoC-US/1.0/?language=en,image,https://hrc.contentdm.oclc.org/digital/iiif/p15878coll14/276/full/full/0/default.jpg,,"https://hrc.contentdm.oclc.org/digital/iiif/p15878coll14/276/full/134,100/0/default.jpg",,
backcoverpage,The back cover of the Leigh Hunt Hair Book,J.H. Leigh Hunt,1784-1859,An image of the back cover of the Leigh Hunt Hair Book.,leigh hunt;romanticism;hair;back cover page,Austin Texas,,,HRC The University of Texas at Austin,STARK_6693_STK,StillImage,image-jpeg,eng,"The organization that has made the Item available believes that the Item is in the Public Domain under the laws of the United States, but a determination was not made as to its copyright status under the copyright laws of other countries. The Item may not be in the Public Domain under the laws of other countries. Please refer to the organization that has made the Item available for more information.",https://rightsstatements.org/page/NoC-US/1.0/?language=en,image,https://hrc.contentdm.oclc.org/digital/iiif/p15878coll14/277/full/full/0/default.jpg,,"https://hrc.contentdm.oclc.org/digital/iiif/p15878coll14/277/full/104,100/0/default.jpg",,